<?xml version="1.0" encoding="utf-8"?>
<Module>
    <Name value="Safe War Log Patch"/>
    <Id value="SafeWarLogPatch"/>
    <Version value="v1.0.0"/>
    <ModuleType value="Community"/>
    <SingleplayerModule value="true"/>
    <MultiplayerModule value="false"/>
    <Official value="false"/>
    <DependedModules>
        <DependedModule Id="Bannerlord.Harmony" DependentVersion="v1.0.0"/>
        <DependedModule Id="Bannerlord.MBOptionScreen" DependentVersion="v1.0.0"/>
        <DependedModule Id="Native" DependentVersion="v1.2.9" Optional="false"/>
        <DependedModule Id="SandBoxCore" DependentVersion="v1.2.9" Optional="false"/>
        <DependedModule Id="Sandbox" DependentVersion="v1.2.9" Optional="false"/>
        <DependedModule Id="StoryMode" DependentVersion="v1.2.9" Optional="false"/>
    </DependedModules>
    <SubModules>
        <SubModule>
            <Name value="SafeWarLogPatch"/>
            <DLLName value="SafeWarLogPatch.dll"/>
            <SubModuleClassType value="SafeWarLogPatch.SubModule"/>
            <Tags>
                <Tag key="DedicatedServerType" value="none"/>
                <Tag key="IsNoRenderModeElement" value="false"/>
            </Tags>
        </SubModule>
    </SubModules>
    <Xmls>
        <XmlNode>
            <XmlName id="SPCultures" path="male_names_ext" />
            <IncludedGameTypes>
                <GameType value="Campaign"/>
                <GameType value="CampaignStoryMode"/>
            </IncludedGameTypes>
        </XmlNode>
        <XmlNode>
            <XmlName id="SPCultures" path="female_names_ext" />
            <IncludedGameTypes>
                <GameType value="Campaign"/>
                <GameType value="CampaignStoryMode"/>
            </IncludedGameTypes>
        </XmlNode>
        <XmlNode>
            <XmlName id="SPCultures" path="clan_names_ext" />
            <IncludedGameTypes>
                <GameType value="Campaign"/>
                <GameType value="CampaignStoryMode"/>
            </IncludedGameTypes>
        </XmlNode>
        <XmlNode>
            <XmlName id="Items" path="armor_culture_autopatch" />
            <IncludedGameTypes>
                <GameType value="Campaign"/>
                <GameType value="CampaignStoryMode"/>
            </IncludedGameTypes>
        </XmlNode>
        <XmlNode>
            <XmlName id="Items" path="fill_in_missing_prices" />
            <IncludedGameTypes>
                <GameType value="Campaign"/>
                <GameType value="CampaignStoryMode"/>
            </IncludedGameTypes>
        </XmlNode>
        <XmlNode>
            <XmlName id="Items" path="item_variety" />
            <IncludedGameTypes>
                <GameType value="Campaign"/>
                <GameType value="CampaignStoryMode"/>
            </IncludedGameTypes>
        </XmlNode>
    </Xmls>a
</Module>
